<?xml version='1.0' encoding='UTF-8'?>  
<!DOCTYPE hibernate-configuration PUBLIC  
          "-//Hibernate/Hibernate Configuration DTD 3.0//EN"  
          "http://hibernate.sourceforge.net/hibernate-configuration-3.0.dtd">

<hibernate-configuration>
	<session-factory>
		<property name="hbm2ddl.auto">update</property>
		<property name="dialect">org.hibernate.dialect.Oracle10gDialect</property>
		<property name="connection.url">jdbc:oracle:thin:@172.23.51.5:1875:stag6900</property>
		<property name="connection.username">kqualtech</property>
		<property name="connection.password">max#123456</property>
		<property name="connection.driver_class">oracle.jdbc.driver.OracleDriver</property>
		<property name="hibernate.cache.use_second_level_cache">true</property>
		<property name="hibernate.cache.region.factory_class">org.hibernate.cache.ehcache.EhCacheRegionFactory</property>
		<property name="net.sf.ehcache.configurationResourceName">ehcache.xml</property>
		<property name="hibernate.cache.use_query_cache">true</property>
		<property name="hibernate.cache.use_structured_entries">true</property> 
		<mapping class="com.qualtech.bot.scheduler.BotBean"/>
	</session-factory>
</hibernate-configuration>  