<?xml version="1.0" encoding="UTF-8"?>
<action-root>

  <action Id="BatchProcessWelcomeButton">
    <class>com.mastek.eElixir.common.util.DummyAction</class>
    <jsp>batchprocess/jsp/BtProcessButton.jsp</jsp>
    <errorjsp>batchprocess/jsp/BtProcessButton.jsp</errorjsp>
  </action>
  <action Id="BatchProcessWelcome">
    <class>com.mastek.eElixir.common.util.DummyAction</class>
    <jsp>batchprocess/jsp/BatchProcessWelcome.jsp</jsp>
    <errorjsp>batchprocess/jsp/BatchProcessWelcome.jsp</errorjsp>
  </action>
  <action Id="TblDfnList">
    <class>com.mastek.eElixir.common.util.DummyAction</class>
    <jsp>batchprocess/tabledefn/jsp/TblCreateListSearch.jsp</jsp>
    <errorjsp>batchprocess/tabledefn/jsp/TblCreateListSearch.jsp</errorjsp>
  </action>   
  	<!--  Parent_Branch_Code_Change_AGN430_Rohit Starts -->
  <action Id="BulkAgencyMovementUpload">
    		<class>com.mastek.eElixir.batchprocess.upload.action.UploadSearch</class>
  		  <jsp>batchprocess/upload/jsp/DataUpload.jsp</jsp>
  		 <errorjsp>batchprocess/upload/jsp/DataUpload.jsp</errorjsp>
  </action>
  	<!--  Parent_Branch_Code_Change_AGN430_Rohit Ends -->
  	
  	//<!--<CODE TAG:Added By Himanshu _Bulk Upload Prohibit JV Posting V1.0_Jan2012_START> -->
  <action Id="BulkUploadProhibiJVPosting">
    		<class>com.mastek.eElixir.batchprocess.upload.action.UploadSearch</class>
  		  <jsp>batchprocess/upload/jsp/DataUpload.jsp</jsp>
  		 <errorjsp>batchprocess/upload/jsp/DataUpload.jsp</errorjsp>
  </action>
  	//<!--<CODE TAG:Added By Himanshu _Bulk Upload Prohibit JV Posting V1.0_Jan2012_START> -->
  	
  	
  	
  
  <action Id="TblDfnListSearch">
    <class>com.mastek.eElixir.batchprocess.tabledefn.action.TblDfnListSearch</class>
    <jsp>batchprocess/tabledefn/jsp/TblCreateListSearch.jsp</jsp>
    <errorjsp>batchprocess/tabledefn/jsp/TblCreateListSearch.jsp</errorjsp>
  </action>   
  <action Id="TblDefnNew">
    <class>com.mastek.eElixir.common.util.DummyAction</class>
    <jsp>batchprocess/tabledefn/jsp/TblCreate.jsp</jsp>
    <errorjsp>batchprocess/tabledefn/jsp/TblCreate.jsp</errorjsp>
  </action>   

  <action Id="TblDefnSearch">
    <class>com.mastek.eElixir.batchprocess.tabledefn.action.TblDfnSearch</class>
    <jsp>batchprocess/tabledefn/jsp/TblCreate.jsp</jsp>
    <errorjsp>batchprocess/tabledefn/jsp/TblCreate.jsp</errorjsp>
  </action>   
  <action Id="TblDfnCreate">
    <class>com.mastek.eElixir.batchprocess.tabledefn.action.TblDfnCreate</class>
    <jsp>batchprocess/tabledefn/jsp/TblCreate.jsp</jsp>
    <errorjsp>batchprocess/tabledefn/jsp/TblCreate.jsp</errorjsp>
  </action>   
  <action Id="TblDfnUpdate">
    <class>com.mastek.eElixir.batchprocess.tabledefn.action.TblDfnUpdate</class>
    <jsp>batchprocess/tabledefn/jsp/TblCreate.jsp</jsp>
    <errorjsp>batchprocess/tabledefn/jsp/TblCreate.jsp</errorjsp>
  </action>   

  <action Id="JobViewList">
    <class>com.mastek.eElixir.common.util.DummyAction</class>
    <jsp>batchprocess/jobview/jsp/JobViewList.jsp</jsp>
    <errorjsp>batchprocess/jobview/jsp/JobViewList.jsp</errorjsp>
  </action>   
  <action Id="JobViewListSearch">
    <class>com.mastek.eElixir.batchprocess.jobview.action.JobViewListSearch</class>
    <jsp>batchprocess/jobview/jsp/JobViewList.jsp</jsp>
    <errorjsp>batchprocess/jobview/jsp/JobViewList.jsp</errorjsp>
  </action>
  <action Id="JobViewSearch">
    <class>com.mastek.eElixir.batchprocess.jobview.action.JobViewSearch</class>
    <jsp>batchprocess/jobview/jsp/JobViewDtl.jsp</jsp>
    <errorjsp>batchprocess/jobview/jsp/JobViewDtl.jsp</errorjsp>
  </action>
  <action Id="ViewLogPopUp">
    <class>com.mastek.eElixir.common.util.DummyAction</class>
    <jsp>batchprocess/jobview/jsp/JobViewLog.jsp</jsp>
    <errorjsp>batchprocess/jobview/jsp/JobViewLog.jsp</errorjsp>
  </action>

<action Id="UploadDataList">
    <class>com.mastek.eElixir.common.util.DummyAction</class>
    <jsp>batchprocess/upload/jsp/DataUploadListSearch.jsp</jsp>
    <errorjsp>batchprocess/upload/jsp/DataUploadListSearch.jsp</errorjsp>
	<xsl-file>NIL</xsl-file>
</action>   

  <action Id="DataUploadListSearch">
    <class>com.mastek.eElixir.batchprocess.upload.action.UploadListSearch</class>
    <jsp>batchprocess/upload/jsp/DataUploadListSearch.jsp</jsp>
    <errorjsp>batchprocess/upload/jsp/DataUploadListSearch.jsp</errorjsp>
	<xsl-file>NIL</xsl-file>
  </action>   
  
  <action Id="DataUploadSearch">
    <class>com.mastek.eElixir.batchprocess.upload.action.UploadSearch</class>
    <jsp>batchprocess/upload/jsp/DataUpload.jsp</jsp>
    <errorjsp>batchprocess/upload/jsp/DataUpload.jsp</errorjsp>
  </action>

  <action Id="AccountMasterUpload">
    <class>com.mastek.eElixir.batchprocess.upload.action.UploadSearch</class>
    <jsp>batchprocess/upload/jsp/DataUpload.jsp</jsp>
    <errorjsp>batchprocess/upload/jsp/DataUpload.jsp</errorjsp>
  </action>

  <action Id="BankStatementUpload">
    <class>com.mastek.eElixir.batchprocess.upload.action.UploadSearch</class>
    <jsp>batchprocess/upload/jsp/DataUpload.jsp</jsp>
    <errorjsp>batchprocess/upload/jsp/DataUpload.jsp</errorjsp>
  </action>
    <action Id="CCDCUpload">
    <class>com.mastek.eElixir.batchprocess.upload.action.UploadSearch</class>
    <jsp>batchprocess/upload/jsp/DataUpload.jsp</jsp>
    <errorjsp>batchprocess/upload/jsp/DataUpload.jsp</errorjsp>
  </action>
    <action Id="ECSUpload">
    <class>com.mastek.eElixir.batchprocess.upload.action.UploadSearch</class>
    <jsp>batchprocess/upload/jsp/DataUpload.jsp</jsp>
    <errorjsp>batchprocess/upload/jsp/DataUpload.jsp</errorjsp>
  </action>
<!-- Start FSD_551 Automation of manual upload Sagar 27-oct-2012 -->
<action Id="ManMatchUpload">
    <class>com.mastek.eElixir.batchprocess.upload.action.UploadSearch</class>
    <jsp>batchprocess/upload/jsp/DataUpload.jsp</jsp>
    <errorjsp>batchprocess/upload/jsp/DataUpload.jsp</errorjsp>
  </action>
<!-- End FSD_551 Automation of manual upload Sagar 27-oct-2012 -->

    <action Id="FutureDrCrUpload">
    <class>com.mastek.eElixir.batchprocess.upload.action.UploadSearch</class>
    <jsp>batchprocess/upload/jsp/DataUpload.jsp</jsp>
    <errorjsp>batchprocess/upload/jsp/DataUpload.jsp</errorjsp>
  </action>
  <action Id="InstrumentUpload">
    <class>com.mastek.eElixir.batchprocess.upload.action.UploadSearch</class>
    <jsp>batchprocess/upload/jsp/DataUpload.jsp</jsp>
    <errorjsp>batchprocess/upload/jsp/DataUpload.jsp</errorjsp>
  </action>
    <action Id="JVUploadOthers">
    <class>com.mastek.eElixir.batchprocess.upload.action.UploadSearch</class>
    <jsp>batchprocess/upload/jsp/DataUpload.jsp</jsp>
    <errorjsp>batchprocess/upload/jsp/DataUpload.jsp</errorjsp>
  </action>
  <action Id="JVUploadPolicy">
    <class>com.mastek.eElixir.batchprocess.upload.action.UploadSearch</class>
    <jsp>batchprocess/upload/jsp/DataUpload.jsp</jsp>
    <errorjsp>batchprocess/upload/jsp/DataUpload.jsp</errorjsp>
  </action>
  <action Id="StarTekPolUpload">
    <class>com.mastek.eElixir.batchprocess.upload.action.UploadSearch</class>
    <jsp>batchprocess/upload/jsp/DataUpload.jsp</jsp>
    <errorjsp>batchprocess/upload/jsp/DataUpload.jsp</errorjsp>
  </action>
    <action Id="SunGLChqUpload">
    <class>com.mastek.eElixir.batchprocess.upload.action.UploadSearch</class>
    <jsp>batchprocess/upload/jsp/DataUpload.jsp</jsp>
    <errorjsp>batchprocess/upload/jsp/DataUpload.jsp</errorjsp>
  </action>

  
  <action Id="UploadDataFile">
    <class>com.mastek.eElixir.batchprocess.upload.action.UploadFile</class>
    <jsp>batchprocess/upload/jsp/DataUpload.jsp</jsp>
    <errorjsp>batchprocess/upload/jsp/DataUpload.jsp</errorjsp>
  </action>   

  <action Id="DummyUpload">
    <class>com.mastek.eElixir.batchprocess.upload.action.UploadFile</class>
    <jsp>batchprocess/upload/jsp/DataUpload.jsp</jsp>
    <errorjsp>batchprocess/upload/jsp/DataUpload.jsp</errorjsp>
  </action>   

  <action Id="PreviewData">
    <class>com.mastek.eElixir.batchprocess.upload.action.PreviewData</class>
    <jsp>batchprocess/upload/jsp/DataUpload.jsp</jsp>
    <errorjsp>batchprocess/upload/jsp/DataUpload.jsp</errorjsp>
  </action>   

  <action Id="UploadDataCreate">
    <class>com.mastek.eElixir.batchprocess.upload.action.DataCreate</class>
    <jsp>batchprocess/upload/jsp/DataUploadListSearch.jsp</jsp>
    <errorjsp>batchprocess/upload/jsp/DataUpload.jsp</errorjsp>
	<xsl-file>/batchprocess/upload/xsl/upload_export_to_excel.xsl</xsl-file>
  </action>   

  <action Id="DownLoadDataList">
    <class>com.mastek.eElixir.common.util.DummyAction</class>
    <jsp>batchprocess/upload/jsp/DownLoadListSearch.jsp</jsp>
    <errorjsp>batchprocess/upload/jsp/DownLoadListSearch.jsp</errorjsp>
  </action>   
  <action Id="DownLoadListSearch">
    <class>com.mastek.eElixir.batchprocess.upload.action.DownloadListSearch</class>
    <jsp>batchprocess/upload/jsp/DownLoadListSearch.jsp</jsp>
    <errorjsp>batchprocess/upload/jsp/DownLoadListSearch.jsp</errorjsp>
  </action>   
  <action Id="DownLoadSearch">
    <class>com.mastek.eElixir.batchprocess.upload.action.DownloadSearch</class>
    <jsp>batchprocess/upload/jsp/DataDownLoad.jsp</jsp>
    <errorjsp>batchprocess/upload/jsp/DataDownLoad.jsp</errorjsp>
  </action>
  <action Id="DownLoadData">
    <class>com.mastek.eElixir.batchprocess.upload.action.DownloadData</class>
    <jsp>batchprocess/upload/jsp/DataDownLoad.jsp</jsp>
    <errorjsp>batchprocess/upload/jsp/DataDownLoad.jsp</errorjsp>
  </action>
  <action Id="DownLoadPopUp">
    <class>com.mastek.eElixir.common.util.DummyAction</class>
    <jsp>batchprocess/upload/jsp/DownLoadFile.jsp</jsp>
    <errorjsp>batchprocess/upload/jsp/DownLoadFile.jsp</errorjsp>
  </action>  
<action Id="Timeout">
	<class>com.mastek.eElixir.common.action.Timeout</class>
	<jsp>timeout.jsp</jsp>
	<errorjsp>error.jsp</errorjsp>
	<xsl-file>NIL</xsl-file>
 </action> 
 
 <!-- <CODE_TAG: FSD_SSO_Location_Changes AddedBy: M N D Eswar Dated: 05/10/2012 Starts>  -->
<action Id="SSOtime">
	<class>com.mastek.eElixir.common.action.Logout</class>
	<jsp>SSOtimeout.jsp</jsp>
	<errorjsp>error.jsp</errorjsp>
	<xsl-file>NIL</xsl-file>
 </action>  
 <!-- <CODE_TAG: FSD_SSO_Location_Changes AddedBy: M N D Eswar Dated: 05/10/2012 Ends>  -->

 <!-- Added by Jayasimha for uploads -->

 <action Id="CommissionRulesUpload">
    <class>com.mastek.eElixir.batchprocess.upload.action.UploadSearch</class>
    <jsp>batchprocess/upload/jsp/DataUpload.jsp</jsp>
    <errorjsp>batchprocess/upload/jsp/DataUpload.jsp</errorjsp>
  </action>

  <action Id="BankDetailsUpload">
    <class>com.mastek.eElixir.batchprocess.upload.action.UploadSearch</class>
    <jsp>batchprocess/upload/jsp/DataUpload.jsp</jsp>
    <errorjsp>batchprocess/upload/jsp/DataUpload.jsp</errorjsp>
  </action>

  <action Id="EmailIdsUpload">
    <class>com.mastek.eElixir.batchprocess.upload.action.UploadSearch</class>
    <jsp>batchprocess/upload/jsp/DataUpload.jsp</jsp>
    <errorjsp>batchprocess/upload/jsp/DataUpload.jsp</errorjsp>
  </action>

  <action Id="BulkReassignmentUpload">
    <class>com.mastek.eElixir.batchprocess.upload.action.UploadSearch</class>
    <jsp>batchprocess/upload/jsp/DataUpload.jsp</jsp>
    <errorjsp>batchprocess/upload/jsp/DataUpload.jsp</errorjsp>
  </action>

    <action Id="CommisionMapRulesUpload">
    <class>com.mastek.eElixir.batchprocess.upload.action.UploadSearch</class>
    <jsp>batchprocess/upload/jsp/DataUpload.jsp</jsp>
    <errorjsp>batchprocess/upload/jsp/DataUpload.jsp</errorjsp>
  </action>
	<!-- ALEX_FSD_Pending_Agents_Reject_Upload Starts -->
<action Id="PendingAgentsReject">
    <class>com.mastek.eElixir.batchprocess.upload.action.UploadSearch</class>
    <jsp>batchprocess/upload/jsp/DataUpload.jsp</jsp>
    <errorjsp>batchprocess/upload/jsp/DataUpload.jsp</errorjsp>
  </action>
	<!-- ALEX_FSD_Pending_Agents_Reject_Upload Ends -->  

  <action Id="UploadErrorLogDetails">
    <class>com.mastek.eElixir.batchprocess.upload.action.UploadErrorLogDetails</class>
    <jsp>batchprocess/upload/jsp/upload_export_to_excel.jsp</jsp>
    <errorjsp>batchprocess/upload/jsp/upload_export_to_excel.jsp</errorjsp>
	<xsl-file>/batchprocess/upload/xsl/upload_export_to_excel.xsl</xsl-file>
  </action>



 <!-- End of the code added by jayasimha-->
  <!-- ANUP_Everest Distritbution FS_Phase_II_REL9.0 Starts -->
 <action Id="PlanSetupUpload">
    <class>com.mastek.eElixir.batchprocess.upload.action.UploadSearch</class>
    <jsp>batchprocess/upload/jsp/DataUpload.jsp</jsp>
    <errorjsp>batchprocess/upload/jsp/DataUpload.jsp</errorjsp>
  </action>
  <!-- ANUP_Everest Distritbution FS_Phase_II_REL9.0 Ends -->
 <!-- //ANUP_AGN74_REL9.0 Starts -->
 <action Id="BulkReassignmentAgentUpload">
    <class>com.mastek.eElixir.batchprocess.upload.action.UploadSearch</class>
    <jsp>batchprocess/upload/jsp/DataUpload.jsp</jsp>
    <errorjsp>batchprocess/upload/jsp/DataUpload.jsp</errorjsp>
  </action>
 <!-- //ANUP_AGN74_REL9.0 Ends -->
 <!-- //ANUP_AGN17_REL9.0 Starts-->
 <action Id="BulkTerminationAgentUpload">
    <class>com.mastek.eElixir.batchprocess.upload.action.UploadSearch</class>
    <jsp>batchprocess/upload/jsp/DataUpload.jsp</jsp>
    <errorjsp>batchprocess/upload/jsp/DataUpload.jsp</errorjsp>
  </action>
 <!-- //ANUP_AGN17_REL9.0 Ends -->
   <!--Added  by Srikanth CTS for Agent Movement-->
   <action Id="BulkAgentMovementUpload">
    <class>com.mastek.eElixir.batchprocess.upload.action.UploadSearch</class>
    <jsp>batchprocess/upload/jsp/DataUpload.jsp</jsp>
    <errorjsp>batchprocess/upload/jsp/DataUpload.jsp</errorjsp>
  </action>
   <!--End by Srikanth CTS-->
   <!-- START by Sumalatha M on 14-Feb-2013 for Bulk upload for Contact detail,PAN and address change in Myagent_version1.0 --> -->
   <action Id="ServiceRequestUpload">
    <class>com.mastek.eElixir.batchprocess.upload.action.UploadSearch</class>
    <jsp>batchprocess/upload/jsp/DataUpload.jsp</jsp>
    <errorjsp>batchprocess/upload/jsp/DataUpload.jsp</errorjsp>
  </action>
   <!-- ENDED by Sumalatha M on 14-Feb-2013 for Bulk upload for Contact detail,PAN and address change in Myagent_version1.0 --> -->
  <!-- Anup_Everest_Upload_Actuarial_Persistancy_Starts -->
 <action Id="ActurialPersistancyUpload">
    <class>com.mastek.eElixir.batchprocess.upload.action.UploadSearch</class>
    <jsp>batchprocess/upload/jsp/DataUpload.jsp</jsp>
    <errorjsp>batchprocess/upload/jsp/DataUpload.jsp</errorjsp>
  </action>
 <!-- Anup_Everest_Upload_Actuarial_Persistancy_Ends -->
  <!-- Anup_Everest_Upload_GO_Association_Starts-->
 <action Id="GOAssociationUpload">
    <class>com.mastek.eElixir.batchprocess.upload.action.UploadSearch</class>
    <jsp>batchprocess/upload/jsp/DataUpload.jsp</jsp>
    <errorjsp>batchprocess/upload/jsp/DataUpload.jsp</errorjsp>
  </action>
 <!-- Anup_Everest_Upload_GO_Association_Ends -->
  <!-- Anup_Upload_Commision_Dispatch_Details_Starts-->
 <action Id="CommisionDispatchDetailsUpload">
    <class>com.mastek.eElixir.batchprocess.upload.action.UploadSearch</class>
    <jsp>batchprocess/upload/jsp/DataUpload.jsp</jsp>
    <errorjsp>batchprocess/upload/jsp/DataUpload.jsp</errorjsp>
  </action>
 <!--Anup_Upload_Commision_Dispatch_Details_Ends -->
 <!--Anup_Upload_Bancassurance_Starts-->
 <action Id="BancassuranceUpload">
    <class>com.mastek.eElixir.batchprocess.upload.action.UploadSearch</class>
    <jsp>batchprocess/upload/jsp/DataUpload.jsp</jsp>
    <errorjsp>batchprocess/upload/jsp/DataUpload.jsp</errorjsp>
  </action>
 <!--Anup_Upload_Bancassurance_Ends-->
  <!--Anup_Upload_GO_Override_APR_REL_Starts-->
 <action Id="GOOverrideUpload">
    <class>com.mastek.eElixir.batchprocess.upload.action.UploadSearch</class>
    <jsp>batchprocess/upload/jsp/DataUpload.jsp</jsp>
    <errorjsp>batchprocess/upload/jsp/DataUpload.jsp</errorjsp>
  </action>
 <!--Anup_Upload_GO_Override_APR_REL_Ends-->
  <!--Anup_Upload_MPP_APR_REL_Starts-->
 <action Id="MPPUpload">
    <class>com.mastek.eElixir.batchprocess.upload.action.UploadSearch</class>
    <jsp>batchprocess/upload/jsp/DataUpload.jsp</jsp>
    <errorjsp>batchprocess/upload/jsp/DataUpload.jsp</errorjsp>
  </action>
 <!--Anup_Upload_MPP_APR_REL_Ends-->
  <!--FIN_71-74_Success or Bounce statements upload facility_APR_REL_Anup_Starts-->
 <action Id="CreditCardStmtUpload">
    <class>com.mastek.eElixir.batchprocess.upload.action.UploadSearch</class>
    <jsp>batchprocess/upload/jsp/DataUpload.jsp</jsp>
    <errorjsp>batchprocess/upload/jsp/DataUpload.jsp</errorjsp>
  </action>
  <action Id="ECSStmtUpload">
    <class>com.mastek.eElixir.batchprocess.upload.action.UploadSearch</class>
    <jsp>batchprocess/upload/jsp/DataUpload.jsp</jsp>
    <errorjsp>batchprocess/upload/jsp/DataUpload.jsp</errorjsp>
  </action>
 <!--FIN_71-74_Success or Bounce statements upload facility_APR_REL_Anup_Ends-->
<!--Adjusted_paid_case_setup_Anup_Starts-->
 <action Id="AdjPaidCaseSetupUpload">
    <class>com.mastek.eElixir.batchprocess.upload.action.UploadSearch</class>
    <jsp>batchprocess/upload/jsp/DataUpload.jsp</jsp>
    <errorjsp>batchprocess/upload/jsp/DataUpload.jsp</errorjsp>
  </action>
<!--Adjusted_paid_case_setup_Anup_Ends-->
<!--AGN98_Anup_Uploads_Bonus/Product_Persistency_Designation_JUL_REL_Starts-->
 <action Id="BonusProductUpload">
    <class>com.mastek.eElixir.batchprocess.upload.action.UploadSearch</class>
    <jsp>batchprocess/upload/jsp/DataUpload.jsp</jsp>
    <errorjsp>batchprocess/upload/jsp/DataUpload.jsp</errorjsp>
  </action>
   <action Id="PersistencyUpload">
    <class>com.mastek.eElixir.batchprocess.upload.action.UploadSearch</class>
    <jsp>batchprocess/upload/jsp/DataUpload.jsp</jsp>
    <errorjsp>batchprocess/upload/jsp/DataUpload.jsp</errorjsp>
  </action>
   <action Id="DesignationUpload">
    <class>com.mastek.eElixir.batchprocess.upload.action.UploadSearch</class>
    <jsp>batchprocess/upload/jsp/DataUpload.jsp</jsp>
    <errorjsp>batchprocess/upload/jsp/DataUpload.jsp</errorjsp>
  </action>
<!--AGN98_Anup_Uploads_Bonus/Product_Persistency_Designation_JUL_REL_Ends-->
<!-- Code added by Anup_Success_Bounce_Starts-->
 <action Id="NewUploadSuccessBounce">    <class>com.mastek.eElixir.batchprocess.upload.action.NewUploadSuccessBounce</class>
    <jsp>batchprocess/upload/jsp/NewUploadSuccessBounceView.jsp</jsp>
    <errorjsp>batchprocess/upload/jsp/NewUploadSuccessBounceView.jsp</errorjsp>
  </action>

  <action Id="UploadSuccessBounce">    <class>com.mastek.eElixir.batchprocess.upload.action.NewUploadSuccessBounce</class>
   <jsp>batchprocess/upload/jsp/DataUploadListSearch.jsp</jsp>
    <errorjsp>batchprocess/upload/jsp/DataUpload.jsp</errorjsp>
	<xsl-file>/batchprocess/upload/xsl/upload_export_to_excel.xsl</xsl-file>
  </action>
<!-- Code added by Anup_Success_Bounce_Ends-->

<!--Added by Srikanth CTS for MPS-->
   <action Id="AgentMPSUpload">
    <class>com.mastek.eElixir.batchprocess.upload.action.UploadSearch</class>
    <jsp>batchprocess/upload/jsp/DataUpload.jsp</jsp>
    <errorjsp>batchprocess/upload/jsp/DataUpload.jsp</errorjsp>
  </action>
<!--End by Srikanth CTS-->
<!--  <Rel. Q2 (Feb 2011) - Start - Added by  Shrikrishna on 04-Jan-11 FOR  Location wise restriction of instrument collection entryv1.4 -->
 <action Id="LocationWiseRestritionUpload">
    <class>com.mastek.eElixir.batchprocess.upload.action.UploadSearch</class>
    <jsp>batchprocess/upload/jsp/DataUpload.jsp</jsp>
    <errorjsp>batchprocess/upload/jsp/DataUpload.jsp</errorjsp>
  </action>
<!--  <Rel. Q2 (Feb 2011) - End - Added by  Shrikrishna on 04-Jan-11 FOR  Location wise restriction of instrument collection entryv1.4 -->
	
	<!-- Added by Manisha on 7-Aug-2013 for MACH-17 - START -->
	<action Id="SuspensionFromNBUpload">
		<class>com.mastek.eElixir.batchprocess.upload.action.UploadSearch</class>
	 	<jsp>batchprocess/upload/jsp/DataUpload.jsp</jsp>
	 	<errorjsp>batchprocess/upload/jsp/DataUpload.jsp</errorjsp>
	</action>
	<!-- Added by Manisha on 7-Aug-2013 for MACH-17 - END -->
	
	<!--Varun: Added for Release 15.1 - FSD_FIN751_Collection_Upload_v1.2 - Starts-->
	<action Id="CollectionAchievementUpload">
    	<class>com.mastek.eElixir.batchprocess.upload.action.UploadSearch</class>
    	<jsp>batchprocess/upload/jsp/DataUpload.jsp</jsp>
    	<errorjsp>batchprocess/upload/jsp/DataUpload.jsp</errorjsp>
    </action>
    <!--Varun: Added for Release 15.1 - FSD_FIN751_Collection_Upload_v1.2 - End-->
    <!-- Added by Varun on 09-Jun-2014 for Rel 15.1 FSD_POS989 Start -->
    <action Id="InstrumentUploadForNonHybrid">
    	<class>com.mastek.eElixir.batchprocess.upload.action.UploadSearch</class>
    	<jsp>batchprocess/upload/jsp/DataUpload.jsp</jsp>
    	<errorjsp>batchprocess/upload/jsp/DataUpload.jsp</errorjsp>
    </action>
    <action Id="ECSUploadForNonHybrid">
    	<class>com.mastek.eElixir.batchprocess.upload.action.UploadSearch</class>
    	<jsp>batchprocess/upload/jsp/DataUpload.jsp</jsp>
    	<errorjsp>batchprocess/upload/jsp/DataUpload.jsp</errorjsp>
    </action>
    <action Id="CCSUploadForNonHybrid">
    	<class>com.mastek.eElixir.batchprocess.upload.action.UploadSearch</class>
    	<jsp>batchprocess/upload/jsp/DataUpload.jsp</jsp>
    	<errorjsp>batchprocess/upload/jsp/DataUpload.jsp</errorjsp>
    </action>
    <action Id="GetCSVDataForNonHybrid">
    	<class>com.mastek.eElixir.batchprocess.upload.action.GetCSVDataForNonHybrid</class>
    	<jsp>batchprocess/upload/jsp/upload_data_to_csv.jsp</jsp>
    	<errorjsp>batchprocess/upload/jsp/upload_data_to_csv.jsp</errorjsp>		
  </action>
	<!-- Added by Varun on 09-Jun-2014 for Rel 15.1 FSD_POS989 Start -->
    <!--Start:28.10/2015:Parimal:Added action id for rel 16.1 FSD_FIN896  -->
 <action Id="BrsCommentsUploads">
    <class>com.mastek.eElixir.batchprocess.upload.action.UploadSearch</class>
    <jsp>batchprocess/upload/jsp/DataUpload.jsp</jsp>
    <errorjsp>batchprocess/upload/jsp/DataUpload.jsp</errorjsp>
  </action>
   <!--E:28.10/2015:Parimal:Added action id for rel 16.1 FSD_FIN896  -->
   
   <!-- AGN929: AML & ULIP upload:: Added by Aradhana Pandey: 21_Jun_2017::**START**-->
   <action Id="AmlUlipTrainingUploads">
    <class>com.mastek.eElixir.batchprocess.upload.action.UploadSearch</class>
    <jsp>batchprocess/upload/jsp/DataUpload.jsp</jsp>
    <errorjsp>batchprocess/upload/jsp/DataUpload.jsp</errorjsp>
  </action>
   <!-- AGN929: AML & ULIP upload:: Added by Aradhana Pandey: 21_Jun_2017::**END**-->
    <!-- AGN946: Added by Aradhana Pandey: 15_Nov_2017::**START**-->
   <action Id="AgentRegistrationUpload">
    <class>com.mastek.eElixir.batchprocess.upload.action.UploadSearch</class>
    <jsp>batchprocess/upload/jsp/DataUpload.jsp</jsp>
    <errorjsp>batchprocess/upload/jsp/DataUpload.jsp</errorjsp>
  </action>
  <action Id="GetCSVDataForAgentRegUpload">
    	<class>com.mastek.eElixir.batchprocess.upload.action.GetCSVDataForAgentRegUpload</class>
    	<jsp>batchprocess/upload/jsp/upload_data_to_csv.jsp</jsp>
    	<errorjsp>batchprocess/upload/jsp/upload_data_to_csv.jsp</errorjsp>		
  </action>
   <!-- AGN946: Added by Aradhana Pandey: 15_Nov_2017::**END**-->
</action-root>
 