<?xml version="1.0" encoding="UTF-8"?>
<sql-root>
  <sql Id="TblDefnHdrInsert">
    <query>
      INSERT INTO com_batch_prc_m
	  (lbatchprcseq,strtablename,strtabledesc,nisuploadprc,
      nismapped,strcreatedby,dtcreated)
      VALUES(?,?,?,?,?,?,?)
    </query>
  </sql>
  <sql Id="TblDefnDtlInsert">
    <query>
      INSERT INTO com_prc_data_map
	  (lbatchPrcSeq,strcolname,lfromdataval,ltodataval,strcreatedby,dtcreated)
      VALUES(?,?,?,?,?,?)
    </query>
  </sql>

  <sql Id="BatchProcessResultInsert">
	<query> INSERT INTO COM_PRC_RESULT (
					LPRCRESULTSEQ,
					NTYPE,
					LBATCHPRCSEQ,
					DTSTARTTIME,
					NSTATUS,
					STRUSERID,
					DTCREATED,
					STRCREATEDBY)
					VALUES (?,?,?,SYSDATE,?,?,SYSDATE,?)
	</query>
</sql>

  <sql Id="BatchProcessDataMapInsert">
	<query> INSERT INTO COM_PRC_DATA_MAP(
					LBATCHPRCSEQ,
					STRCOLNAME, 
					LFROMDATAVAL,
					LTODATAVAL, 
					STRCREATEDBY,
					DTCREATED,
					DTUPDATED,
					STRUPDATEDBY)
					VALUES (?,?,?,?,?,SYSDATE,SYSDATE,?)
	</query>
</sql>

</sql-root>