<?xml version="1.0" encoding="UTF-8"?>
<sql-root>
<!-- Queries for Table Definition  START -->
<sql Id="TblDefnListSearch">
	<query>  	
      SELECT lbatchprcseq, strtablename, strtabledesc
      FROM com_batch_prc_m
      WHERE 1=1
	</query>
</sql>
<sql Id="TblNamesSearch">
	<query>  	
      SELECT strtablename
      FROM com_batch_prc_m
      WHERE strtablename = ?
	</query>
</sql>
<sql Id="TblDefnHdrSearch">
	<query>  	
      SELECT strtablename,strtabledesc,
      nismapped,dtcreated,strupdatedby,dtupdated
      FROM com_batch_prc_m
      WHERE lbatchprcseq = ?
	</query>
</sql>
<!-- Queries for Table Definition  START -->

<!-- Queries for JobView  START -->
<sql Id="JobViewListSearch">
	<query> Select LPRCRESULTSEQ, NTYPE, param1.STRCDDESC NTYPEDESC, LBATCHPRCSEQ,
					DTSTARTTIME, DTENDTIME, NSTATUS, param2.STRCDDESC NSTATUSDESC
					from com_prc_result pr, com_param_system_m param1, com_param_system_m param2
					where 
					pr.NTYPE =  param1.NPARAMCD AND param1.IPARAMTYPECD = ? AND
					pr.NSTATUS = param2.NPARAMCD AND  param2.IPARAMTYPECD = ?
	</query>
</sql>

<sql Id="JobViewSearch">
	<query> Select LPRCRESULTSEQ, NTYPE, LBATCHPRCSEQ, DTSTARTTIME, DTENDTIME,
					LTOTALROW, LROWINSERTED, LROWREJECTED, STRELAPSEDTIME,
					NSTATUS, STRLOGFILENAME, STRUSERID
					from com_prc_result pr  	where  NTYPE=?  
	</query>
</sql>

<sql Id="JobViewByPrimaryKey">
	<query> Select LPRCRESULTSEQ, NTYPE, LBATCHPRCSEQ, DTSTARTTIME, DTENDTIME,
					LTOTALROW, LROWINSERTED, LROWREJECTED, STRELAPSEDTIME,
					NSTATUS, STRLOGFILENAME, STRUSERID
					from com_prc_result pr
					where  LPRCRESULTSEQ =?  AND
					LBATCHPRCSEQ = ? AND
					NTYPE=?
	</query>
</sql>

<!-- Queries for JobView  END -->

<!-- Queries for Upload START-->

<sql Id="UploadListSearch">
	<query> 
	Select LBATCHPRCSEQ,STRTABLENAME,STRTABLEDESC,NISMAPPED
			from COM_BATCH_PRC_M  bt
			where NISUPLOADPRC = ?
	</query>
</sql>

<sql Id="SelectAllTab_ORIGINAL">
	<query> Select TABLE_NAME, COLUMN_NAME,DATA_TYPE,DATA_LENGTH, DATA_PRECISION,DATA_SCALE
				   from all_tab_columns where table_name = UPPER(?) and OWNER='MNYLDEV'
	</query>
</sql>


<sql Id="SelectAllTab_1">
	<query>
SELECT TABLE_NAME, COLUMN_NAME,DATA_TYPE,DATA_LENGTH, DATA_PRECISION,DATA_SCALE
				   FROM all_tab_columns WHERE UPPER(table_name) = ? AND OWNER='MNYLDEV'
				   AND COLUMN_NAME IN (
				   SELECT STRCOLNAME 
				   FROM COM_PRC_DATA_MAP, COM_BATCH_PRC_M
				   WHERE COM_PRC_DATA_MAP.LBATCHPRCSEQ = COM_BATCH_PRC_M.LBATCHPRCSEQ
				   AND UPPER(COM_BATCH_PRC_M.STRTABLENAME) = UPPER('mms_bank_stmt_temp')
				   )
	</query>
</sql>

<sql Id="SelectAllTab_LATEST">
	<query>
			SELECT TABLE_NAME, COLUMN_NAME,DATA_TYPE,DATA_LENGTH, DATA_PRECISION,DATA_SCALE
			FROM all_tab_columns atc, COM_PRC_DATA_MAP cpd, COM_BATCH_PRC_M cbp
			WHERE atc.table_name = UPPER(?) 
			AND cpd.LBATCHPRCSEQ = cbp.LBATCHPRCSEQ
			AND cbp.LBATCHPRCSEQ = ?
			AND UPPER(OWNER) = UPPER(?)
			AND UPPER(cbp.STRTABLENAME) = atc.table_name 
			AND atc.COLUMN_NAME = cpd.STRCOLNAME
			ORDER BY cpd.LFROMDATAVAL 
	</query>
</sql>

<!--  Parent_Branch_Code_Change_AGN430_Rohit Starts -->
<sql Id="ProcBulkTransferAgencyTempUpload">
	<query>
				call CM_SP_BRCH_TRAN_BULK_UPLD_TEMP ( ?,?, ?, ?, ?)
	</query>
</sql>

<sql Id="ProcBulkTransferAgencyMainUpload">
	<query>
				call CM_SP_BRCH_TRAN_BULK_UPLD_MAIN ( ?,?, ?, ?, ?)
	</query>
</sql>
<!--  Parent_Branch_Code_Change_AGN430_Rohit Ends -->

<!-- Start FSD_551 Automation of manual upload Sagar 29-oct-2012 -->

<sql Id="ProcManualMatchUploadTemp">
	<query>
				call CM_SP_MANUAL_MATCH_UPLD_TEMP ( ?,?, ?, ?, ?)
	</query>
</sql>

<sql Id="ProcManualMatchUploadMain">
	<query>
				call CM_SP_MANUAL_MATCH_UPLD_MAIN ( ?,?, ?, ?, ?)
	</query>
</sql>

<!-- End FSD_551 Automation of manual upload Sagar 29-oct-2012 -->

<!--Added By Himanshu for prohibit JVPosting  -->
<sql Id="ProcBulkUploadProhibitJVPosting">
	<query>
				call CM_SP_JV_POST_BULK_UPLD_TEMP ( ?,?, ?, ?, ?)
	</query>
</sql>
<sql Id="ProcBulkUploadProhibitJVPostingmain">
	<query>
				call CM_SP_JV_POST_BULK_UPLD_MAIN ( ?,?, ?, ?, ?)
	</query>
</sql>





<!--Code Ends here  -->
<!-- Added by Manisha on 7-Aug-2013 for MACH-17 - START  -->

<sql Id="ProcSuspensionFromNBUpload">
	<query>
				call CM_SP_SUPN_RSN_UPLD_TEMP ( ?, ?, ?, ?, ?)
	</query>
</sql>
<sql Id="ProcSuspensionFromNBUploadMain">
	<query>
				call CM_SP_SUPN_RSN_UPLD_MAIN ( ?, ?, ?, ?, ?)
	</query>
</sql>

<!-- Added by Manisha on 7-Aug-2013 for MACH-17 - END -->

<!-- Varun: Added for Release 15.1 - FSD_FIN751_Collection_Upload_v1.2 - START  -->
<sql Id="ProcCollectionAchievementUpload">
	<query>
				call CM_SP_COLN_ACHV_UPLD_TEMP ( ?, ?, ?, ?, ?)
	</query>
</sql>
<sql Id="ProcCollectionAchievementUploadMain">
	<query>
				call CM_SP_COLN_ACHV_UPLD_MAIN ( ?, ?, ?, ?, ?)
	</query>
</sql>
<!-- Varun: Added for Release 15.1 - FSD_FIN751_Collection_Upload_v1.2 - END -->

<sql Id="SelectAllTab">
	<query>
			       SELECT DISTINCT cpd.LFROMDATAVAL, atc.TABLE_NAME, dcc.COMMENTS, atc.COLUMN_NAME,DATA_TYPE,DATA_LENGTH, DATA_PRECISION,DATA_SCALE
				   FROM user_tab_columns atc, COM_PRC_DATA_MAP cpd, COM_BATCH_PRC_M cbp,
				   USER_COL_COMMENTS dcc
				   WHERE atc.table_name = UPPER(?) 
				   AND cpd.LBATCHPRCSEQ = cbp.LBATCHPRCSEQ
				   AND cbp.LBATCHPRCSEQ = ?
				   AND UPPER(cbp.STRTABLENAME) = atc.TABLE_NAME 
				   AND atc.COLUMN_NAME = cpd.STRCOLNAME
				   AND atc.table_name = dcc.TABLE_NAME
				   AND atc.COLUMN_NAME = dcc.COLUMN_NAME
				   ORDER BY cpd.LFROMDATAVAL
	</query>
</sql>

<sql Id="SelectDataMap">
	<query> Select LBATCHPRCSEQ, STRCOLNAME, LFROMDATAVAL, LTODATAVAL
				   from COM_PRC_DATA_MAP
				   where LBATCHPRCSEQ = ?
				   order by LFROMDATAVAL
	</query>
</sql>


<sql Id="SearchProcSeqNbr">
	<query> Select nProcSeq
				   from COM_BATCH_PRC_M
				   where LBATCHPRCSEQ = ?
	</query>
</sql>

<sql Id="BatchProcessResultSequence">
	<query> Select com_batch_prc_seq.nextVal from dual
	</query>
</sql>
<!-- code changed by suma as requested by SSO on 13 AUG 2013 Start -->
<sql Id="GetEMailAddress">
	<query>  
	       SELECT DISTINCT StrEmailAddr
           FROM CHM_SEC_USER_M  
           WHERE Upper(strUserId) = Upper(?)
	</query>
</sql>
<!-- code changed by suma as requested by SSO on 13 AUG 2013 END -->


<!--<sql Id="GetIPAddress">
	<query>  
			  SELECT StrCDDesc 
			  FROM COM_PARAM_USER_M
			  WHERE iParamTypeCD = 6036
	</query>
</sql> -->

<sql Id="GetIPAddress">
	<query> 
			  SELECT a.StrCDDesc strCdDesc, b.StrCDDesc  strSender
			  FROM COM_PARAM_USER_M a, COM_PARAM_USER_M b 
			  WHERE a.iParamTypeCD = 6036
			  AND b.iParamTypeCD = 6035
	</query>
</sql>

<!-- Procedures to  be called after upload has been done  -->

<sql Id="ProcBankStmtUploadTemp">
	<query> 
				call MM_SP_BNK_STMT_UPLD_TEMP ( ?, ?, ?,? )
	</query>
</sql>


<sql Id="ProcBankStmtUpload">
	<query> 
				call MM_SP_BNK_STMT_UPLD ( ?,?, ?, ?, ?, ?, ?,?)

	</query>
</sql>


<sql Id="ProcBankReconciliation">
	<query>
				call MM_SP_BANK_RECO ( ?, ?, ?,?, ?, ?,?)

	</query>
</sql>

<sql Id="ProcInstrumentUploadTemp">
	<query>
				call MM_SP_LOAD_INSTR_TEMP  ( ?, ?,?, ?,?)

	</query>
</sql>

<sql Id="ProcInstrumentUpload">
	<query>
				call MM_SP_INSTR_UPLD  ( ?, ?, ?, ?,?,?)

	</query>
</sql>

<sql Id="ProcECSStmtUpload">
	<query>
				call MM_SP_ECS_STMT_UPLD( ?, ?, ?, ?, ?, ?,?)

	</query>
</sql>

<sql Id="ProcCrDrCardSIUpload">
	<query>
				call MM_SP_CRDRCARDSI_STMT_UPLD  ( ?, ?, ?, ?, ?,?)

	</query>
</sql>



<sql Id="ProcJVTempUpload">
	<query>
				call MM_SP_JV_UPLD_TEMP ( ?, ?, ?,?,?)

	</query>
</sql>

<sql Id="ProcJVOtherUpload">
	<query>
				call MM_SP_JV_OTHER_UPLD ( ?, ?, ?, ?,?)

	</query>
</sql>

<sql Id="ProcJVPolicyUpload">
	<query>
				call MM_SP_JV_POLICY_UPLD ( ?, ?, ?, ?,?)

	</query>
</sql>
<sql Id="ProcAccountMasterUpload">
	<query>
				call MM_SP_ACCT_M_UPLD ( ?, ?, ?, ?,?)

	</query>
</sql>

<sql Id="ProcStarTekPolUpload">
	<query>
				call MM_SP_STARTEK_UPLD( ?, ?, ?, ?,?)
	</query>
</sql>

<sql Id="ProcFutureCrDrUpload">
	<query>
				call MM_SP_FUT_DEBIT_CREDIT_UPLD( ?, ?, ?, ?,?)
	</query>
</sql>

<sql Id="ProcSunChqUpload">
	<query>
				call MM_SP_SUNGL_CHQ_UPLD( ?, ?, ?, ?,?)
	</query>
</sql>

<!-- End of procedures to be called after upload -->


<!-- Added by jayasimha for Channel Management Uploads  -->


<sql Id="ProcCommRuleTempUpload">
	<query>
				call Cm_Sp_Comm_Upld_Temp( ?, ?, ? ,? ,?)
	</query>
</sql>

<sql Id="ProcCommRuleMainUpload">
	<query>
				call Cm_Sp_Comm_Upld_Main( ?, ?, ? ,? ,?)
	</query>
</sql>


<sql Id="ProcBankTempUpload">
	<query>
				call Cm_Sp_Bank_Upld_Temp( ?, ?, ?, ?, ?)
	</query>
</sql>

<sql Id="ProcBankMainUpload">
	<query>
				call Cm_Sp_Bank_Upld_Main( ?, ?, ?, ?, ?)
	</query>
</sql>

<sql Id="ProcPoltrfTempUpload">
	<query>
				call Cm_Sp_Poltrf_Upld_Temp( ?, ?, ?, ? ,?)
	</query>
</sql>

<sql Id="ProcPoltrfMainUpload">
	<query>
				call Cm_Sp_Poltrf_Upld_Main( ?, ?, ?,?,?)
	</query>
</sql>

<sql Id="ProcEmailTempUpload">
	<query>
				call Cm_Sp_Email_Upld_Temp( ?, ?, ?, ?, ?)
	</query>
</sql>

<sql Id="ProcEmailMainUpload">
	<query>
				call Cm_Sp_Email_Upld_Main( ?, ?, ?, ?, ?)
	</query>
</sql>


<sql Id="CommMapRuleTempUpload">
	<query>
				call Cm_Sp_Contract_Map_Upld_Temp( ?, ?, ?, ?, ?)
	</query>
</sql>

<sql Id="CommMapRuleMainUpload">
	<query>
				call Cm_Sp_Contract_Map_Upld_Main( ?, ?, ?, ?, ?)
	</query>
</sql>

<!-- ANUP_Everest Distritbution FS_Phase_II_REL9.0 Starts -->
<sql Id="ProcPlanSetupUpload">
	<query>
				call Cm_SP_Bonus_Param_Upld( ?, ?, ?, ?, ?)
	</query>
</sql>
<!-- ANUP_Everest Distritbution FS_Phase_II_REL9.0 Ends -->
<!-- ANUP_AGN17_REL9.0 Starts-->
<sql Id="ProcBulkTerminationTempUpload">
	<query>
				call Cm_SP_Agt_Term_Bulk_Upld_Temp( ?, ?, ?, ?, ?)
	</query>
</sql>

<sql Id="ProcBulkTerminationMainUpload">
	<query>
				call Cm_SP_Agt_Term_Bulk_Upld_Main( ?, ?, ?, ?, ?)
	</query>
</sql>
<!-- ANUP_AGN17_REL9.0 Ends-->
<!-- ANUP_AGN74_REL9.0 Starts -->
<sql Id="ProcBulkReassignmentTempUpload">
	<query>
				call Cm_SP_Agt_Reasi_Bulk_Upld_Temp( ?, ?, ?, ?, ?)
	</query>
</sql>

<sql Id="ProcBulkReassignmentMainUpload">
	<query>
				call Cm_SP_Agt_Reasi_Bulk_Upld_Main( ?, ?, ?, ?, ?)
	</query>
</sql>
<!-- ANUP_AGN74_REL9.0 Ends -->
<!-- Srikanth CTS Starts For Bulk Agent movement Upload -->
<sql Id="ProcBulkPromotionTempUpload">
	<query>
				call Cm_SP_Agt_Promo_Bulk_Upld_Temp( ?, ?, ?, ?, ?)
	</query>
</sql>

<sql Id="ProcBulkPromotionMainUpload">
	<query>
				call Cm_Sp_Agt_Promo_Bulk_Upld_Main( ?, ?, ?, ?, ?)
	</query>
</sql>

<sql Id="ProcBulkDemotionTempUpload">
	<query>
				call Cm_SP_Agt_Demot_Bulk_Upld_Temp( ?, ?, ?, ?, ?)
	</query>
</sql>

<sql Id="ProcBulkDemotionMainUpload">
	<query>
				call Cm_SP_Agt_Demot_Bulk_Upld_Main( ?, ?, ?, ?, ?)
	</query>
</sql>

<sql Id="ProcBulkTransferTempUpload">
	<query>
				call Cm_Sp_Agt_Trans_Bulk_Upld_Temp( ?, ?, ?, ?, ?)
	</query>
</sql>

<sql Id="ProcBulkTransferMainUpload">
	<query>
				call Cm_Sp_Agt_Trans_Bulk_Upld_Main( ?, ?, ?, ?, ?)
	</query>
</sql>
<!-- Srikanth CTS Ends -->
<!--START by Sumalatha M on 14-Feb-2013 for Bulk upload for Contact detail,PAN and address change in Myagent_version1.0 --> -->
<sql Id="ProcContactServiceReqTempUpload">
	<query>
				call CM_SP_Cont_UPLD_TEMP( ?, ?, ?, ?, ?)
	</query>
</sql>

<sql Id="ProcContactServiceReqMainUpload">
	<query>
				call Cm_Sp_Cont_Upld_Main( ?, ?, ?, ?, ?)
	</query>
</sql>

<sql Id="ProcPanServiceReqTempUpload">
	<query>
				call CM_SP_PAN_UPLD_TEMP( ?, ?, ?,?,?)
	</query>
</sql>

<sql Id="ProcPanServiceReqMainUpload">
	<query>
				call CM_Sp_Pan_Upld_Main( ?, ?, ?, ?, ?)
	</query>
</sql>

<sql Id="ProcAddressServiceReqTempUpload">
	<query>
				call CM_SP_Address_UPLD_TEMP( ?, ?, ?, ?, ?)
	</query>
</sql>

<sql Id="ProcAddressServiceReqMainUpload">
	<query>
				call Cm_Sp_Address_Upld_Main( ?, ?, ?, ?, ?)
	</query>
</sql>
<!-- ENDED by Sumalatha M on 14-Feb-2013 for Bulk upload for Contact detail,PAN and address change in Myagent_version1.0 --> -->
<!-- //Anup_Everest_Upload_Actuarial_Persistancy_Starts -->
<sql Id="ProcActurialPersistTempUpload">
	<query>

				call CM_SP_PERST_USERDEF_UPLD_TEMP( ?, ?, ?, ?, ?)
	</query>
</sql>

<sql Id="ProcActurialPersistMainUpload">
	<query>
				call CM_SP_PERST_USERDEF_UPLD_MAIN( ?, ?, ?, ?, ?)
	</query>
</sql>
<!-- //Anup_Everest_Upload_Actuarial_Persistancy_Ends -->
<!-- //Anup_Everest_Upload_GO_Association_Starts-->
<sql Id="ProcGOAssociationTempUpload">
	<query>
				call CM_SP_GO_UPLD_TEMP( ?, ?, ?, ?, ?)
	</query>
</sql>

<sql Id="ProcGOAssociationMainUpload">
	<query>
				call CM_SP_GO_UPLD_MAIN( ?, ?, ?, ?, ?)
	</query>
</sql>
<!-- //Anup_Everest_Upload_GO_Association_Ends-->
<!--Anup_Upload_Commision_Dispatch_Details_Starts-->
<sql Id="ProcCommDispatchTempUpload">
	<query>
				call cm_sp_comm_dispatch_upld_temp( ?, ?, ?, ?, ?)
	</query>
</sql>

<sql Id="ProcCommDispatchMainUpload">
	<query>
				call cm_sp_comm_dispatch_upld_main( ?, ?, ?, ?, ?)
	</query>
</sql>
<!--Anup_Upload_Commision_Dispatch_Details_Ends-->
<!--Anup_Upload_Bancassurance_Starts-->
<sql Id="ProcBancassuranceTempUpload">
	<query>
				call cm_sp_agency_upld_temp( ?, ?, ?, ?, ?)
	</query>
</sql>

<sql Id="ProcBancassuranceMainUpload">
	<query>
				call cm_sp_agency_upld_main( ?, ?, ?, ?, ?)
	</query>
</sql>
<!--Anup_Upload_Bancassurance_Ends-->
<!--Anup_Upload_GO_Override_APR_REL_Starts-->
<sql Id="ProcGOOverrideTempUpload">
	<query>
				call Cm_Sp_IB_GOOVERRIDE_Upld_temp( ?, ?, ?, ?, ?)
	</query>
</sql>

<sql Id="ProcGOOverrideMainUpload">
	<query>
				call Cm_Sp_IB_GOOVERRIDE_Upld_MAIN( ?, ?, ?, ?, ?)
	</query>
</sql>
<!--Anup_Upload_GO_Override_APR_REL_Ends-->	
<!--Anup_Upload_MPP_APR_REL_Starts-->
<sql Id="ProcGOGLPTempUpload">
	<query>
				call Cm_SP_Go_Glp_Score_Upld_Temp( ?, ?, ?, ?, ?)
	</query>
</sql>

<sql Id="ProcGOGLPMainUpload">
	<query>
				call Cm_Sp_Go_Glp_Score_Upld_Main( ?, ?, ?, ?, ?)
	</query>
</sql>
<!--Anup_Upload_MPP_APR_REL_Ends-->
<!-- FIN_71-74_Success or Bounce statements upload facility_APR_REL_Anup_Starts-->
<sql Id="ProcCreditCardSTMTTempUpload">
	<query>
				call MM_SP_CC_BANK_STMT_UPLD_TEMP( ?, ?, ?, ?)
	</query>
</sql>

<!-- Anantha_SuccessBounce_Upload_FS modified-->
<!-- Rel.Q2 Starts Added by Alexpandiyan  Dated:7 Mar 2011-->
<sql Id="ProcCreditCardSTMTMainUpload">
	<query>
				call MM_SP_CC_BANK_STMT_UPLD_INTM( ?,?, ?, ?, ?, ?, ?,?,?)
	</query>
</sql>
<!-- Rel.Q2 Ends Added by Alexpandiyan   Dated:7 Mar 2011-->
<sql Id="ProcECSSTMTTempUpload">
	<query>
				call MM_SP_ECS_BANK_STMT_UPLD_TEMP( ?, ?, ?, ?)
	</query>
</sql>
<!-- Anantha_SuccessBounce_Upload_FS modified-->
<!-- Rel.Q2 Starts Added by Alexpandiyan  Dated:7 Mar 2011-->
<sql Id="ProcECSSTMTMainUpload">
	<query>
				call MM_SP_ECS_BANK_STMT_UPLD_INTM( ?,?, ?, ?, ?, ?,?,?,?)
	</query>
</sql>
<!-- Rel.Q2 Ends Added by Alexpandiyan   Dated:7 Mar 2011-->
<!-- FIN_71-74_Success or Bounce statements upload facility_APR_REL_Anup_Ends-->
<!-- Anantha_SuccessBounce_Upload_FS added new procs Starts -->
<sql Id="ProcCreditCardSTMTUploadNew">
	<query>
				call MM_SP_CC_BANK_STMT_UPLD( ?,?, ?, ?, ?, ?)
	</query>
</sql>
<sql Id="ProcECSSTMTUploadNew">
	<query>
				call MM_SP_ECS_BANK_STMT_UPLD( ?,?, ?, ?, ?, ?)
	</query>
</sql>

<!-- Anantha_SuccessBounce_Upload_FS added new procs Ends -->
<!--AGN98_Anup_Uploads_Bonus/Product_Persistency_Designation_JUL_REL_Starts-->
<sql Id="ProcDesgnTempUpload">
	<query>
				call CM_SP_BONUS_DESGN_UPLD_TEMP( ?, ?, ?, ?, ?)
	</query>
</sql>

<sql Id="ProcDesgnMainUpload">
	<query>
				call CM_SP_BONUS_DESGN_UPLD_MAIN( ?, ?, ?, ?, ?)
	</query>
</sql>

<sql Id="ProcBonusPrdTempUpload">
	<query>
				call CM_SP_BONUS_UPLD_TEMP( ?, ?, ?, ?, ?)
	</query>
</sql>

<sql Id="ProcBonusPrdMainUpload">
	<query>
				call CM_SP_BONUS_UPLD_MAIN( ?, ?, ?, ?, ?)
	</query>
</sql>

<sql Id="ProcPerstPrdTempUpload">
	<query>
				call CM_SP_PERST_PRD_UPLD_TEMP( ?, ?, ?, ?, ?)
	</query>
</sql>

<sql Id="ProcPerstPrdMainUpload">
	<query>
				call CM_SP_PERST_PRD_UPLD_MAIN( ?, ?, ?, ?, ?)
	</query>
</sql>
<!--AGN98_Anup_Uploads_Bonus/Product_Persistency_Designation_JUL_REL_Starts-->
<!--Adjusted_paid_case_setup_Anup_Starts-->
<sql Id="ProcAdjPaidCaseTempUpload">
	<query>
				call CM_SP_SEGMENT_PRD_UPLD_TEMP( ?, ?, ?, ?, ?)
	</query>
</sql>

<sql Id="ProcAdjPaidCaseMainUpload">
	<query>
				call CM_SP_SEGMENT_ADJ_UPLD_MAIN( ?, ?, ?, ?, ?)
	</query>
</sql>
<!--Adjusted_paid_case_setup_Anup_Ends-->

<sql Id="uploaderrorlist">
	<query>
SELECT LPAD(ROWNUM, 12-LENGTH(ROWNUM),' ') || '. ' || STRERRDESC STRERRDESC
FROM  
(SELECT TRIM(STRERRDESC) STRERRDESC  
FROM CHM_XML_ERROR_MESSAGES WHERE UPPER(TRIM(STRPROCNAME)) = ?
ORDER BY LERRSEQNBR) X

	</query>
</sql>


<!-- Queries for Upload END -->


<!--Added by Srikanth CTS for MPS-->
<sql Id="ProcAgentMPSCalcTemp">
	<query>
				call CM_SP_MPS_TERM_FLAG_UPLD_TEMP( ?, ?, ?, ?, ?)
	</query>
</sql>

<sql Id="ProcAgentMPSCalcMain">
	<query>
				call CM_SP_MPS_TERM_FLAG_UPLD_MAIN( ?, ?, ?, ?, ?)
	</query>
</sql>

<!--End by Srikanth CTS-->
<!-- ALEX_FSD_Pending_Agents_Reject_Upload Starts -->
<sql Id="ProcPendingAgentRejectTemp">
	<query>
				call CM_SP_REJECT_AGENTS_UPLD_TEMP( ?, ?, ?, ?, ?)
	</query>
</sql>
<sql Id="ProcPendingAgentRejectMain">
	<query>
				call CM_SP_REJECT_AGENTS_UPLD_MAIN( ?, ?, ?, ?, ?)
	</query>
</sql>
<!-- ALEX_FSD_Pending_Agents_Reject_Upload Ends -->
<!-- <CODE_TAG: Q2_REL_FSD_FIN_158_Success_or_Bounce_statements_upload_facilityV1[1].5 Dated: 14/03/2011 Added By: Alexpandiyan Starts> -->
<sql Id="SelectEcsLCashSeqNo">
	<query>
            SELECT lcashbankseqnbr FROM mms_ecs_stmt WHERE lecsctrlstmtseqnbr = ?
	</query>
</sql>
<sql Id="SelectCCLCashSeqNo">
	<query>
            SELECT lcashbankseqnbr FROM mms_credit_card_stmt WHERE lccctrlstmtseqnbr = ?
	</query>
</sql>
<sql Id="SelectResult">
	<query>
            SELECT    1 FROM  mms_bank_stmt WHERE     lcashbankseqnbr = ?       AND       strnarration    = ?
            AND       nstatus         = 5 AND       damnt           = ? 
	    AND      (strReconciled IS NULL OR strReconciled = ' ')
	</query>
</sql>
<!-- <CODE_TAG: Q2_REL_FSD_FIN_158_Success_or_Bounce_statements_upload_facilityV1[1].5 Dated: 14/03/2011 Added By: Alexpandiyan Ends> -->

<!-- Rel. Q2 (Feb 2011) - Start : Added by  Shrikrishna on 05-01-2011 FOR CR:Location wise restriction of instrument collection entryv1.4.DOC  -->

<sql Id="LocationwiseRestrictionTemp">
	<query>
				call MM_SP_LOC_COLLBLOCK_TEMP( ?, ?,?)
	</query>
</sql>

<sql Id="LocationwiseRestrictionUpload">
	<query>
				call MM_SP_LOC_COLLBLOCK_UPLD( ?, ?, ?, ?,?)
	</query>
</sql>
<!-- Rel. Q2 (Feb 2011) - End : Added by  Shrikrishna on 05-01-2011 FOR CR:Location wise restriction of instrument collection entryv1.4.DOC  -->

<!-- Added by Varun on 09-Jun-2014 for Rel 15.1 FSD_POS989 - Starts  -->
<sql Id="ProcNonHybridInstrumentUpload">
	<query>
			call MM_SP_NONHYBD_UPLD_TEMP  (?,?,?,?,?)
	</query>
</sql>
<sql Id="ProcNonHybridInstrumentUploadMain">
	<query>
			call MM_SP_INSTR_NONHYBRID_MAIN  ( ?, ?, ?, ?,?,?)
	</query>
</sql>
<sql Id="ProcNonHybridECSUploadMain">
	<query>
			call MM_SP_ECS_NONHYBRID_MAIN ( ?, ?, ?, ?,?,?)
	</query>
</sql>
<sql Id="ProcNonHybridCCSUploadMain">
	<query>
			call MM_SP_CCS_NONHYBRID_MAIN ( ?, ?, ?, ?,?,?)
	</query>
</sql>
<sql Id="GetNonHybridCollection">
	<query>
				call MM_SP_NONHYBRID_CSV ( ?, ?, ?, ?, ?)
			      <!-- SELECT NHDRDTLFLAG FLAGNo,
				  strinstrtypecd insttype,
				  STRLOCATIONCD LocationCODE,
				  DLOCALCURRAMT AmountINR,
				  DTRECEIPT DateReceived,
				  strinstrnbr insttno,
				  DTINSTR INSTDATE,
				  NISAGSTBOUNCED IsAgainstaBouncedInstr,
				  STRREFINSTRNBR RefInstrNo,
				  STRPANNBR PanNo,
				  STRSENDERNAME SenderName,
				  STRMICRCD MICRCODE,
				  STRBANKNAME BankName,
				  STRBRANCHNAME BranchName ,
				  STRCLEARANCETYP ClearanceType,
				  STRDRAWEEACCNBR aweeACNo,
				  STRISSUEPOSTOFF IssuingPostOffice,
				  STRCARDDESC CardType,
				  NCARDEXPIRYM CardExpiryMonth,
				  ICARDEXPIRYY CardExpiryYear,
				  STRCARDAUTHNBR AuthorizationNo,
				  DFCAMT FCAmount,
				  STRCURRCD Currency,
				  STRCOUNTRYCD Country,
				  STRPOLNBR PolicyNo,
				  STRCLIENTCD ClientNo ,
				  DAPPRAMT ActualAmount,
				  STRCHGTYPEDESC ReasonforPayment,
				  STRREFNBR ReferenceNo,
				  stringtitle title,
				  STRINGNAME INGName,
				  NTOPUPFLAG TopUp,
				  DLOCALCHARGEAMNT ChargeAmount ,
				  DFCCHARGEAMNT ForeignCurrencyChargeAmount,
				  strchargetypecd chargetype,
				  strdepositedby depositedby,
				  dtcusthandover customerhandoverdate,
				  stragentcd agentcode, 
				  strstubdate collectiontimestamp, 
				  STRCOLLAGENTCD CollectingAgentCode,
				  ''  pastdue,
				  ''  currentdue,
				  ''  advancepremium,
				  ''  topupamount,
				  ''  refundamount,
				  ''  TopUpFlag
				FROM mms_instr_nonhybd_csv
				where strcreatedby = ?
				ORDER BY LSEQNBR -->
	</query>
</sql>
<!-- Added by Varun on 09-Jun-2014 for Rel 15.1 FSD_POS989 - Ends -->

<!-- Added by Manisha on 28-Jan-2015 for FIN816 - START -->
<sql Id="CheckFlagForSucc">
	<query>
		SELECT count(distinct STRERRCD) FROM CHM_XML_ERROR_MESSAGES WHERE UPPER(TRIM(STRPROCNAME)) = (?)
	</query>
</sql>

<sql Id="CheckFlagForSuccI">
	<query>
		SELECT distinct STRERRCD FROM CHM_XML_ERROR_MESSAGES WHERE UPPER(TRIM(STRPROCNAME)) = (?)
	</query>
</sql>
<!-- Added by Manisha on 28-Jan-2015 for FIN816 - END -->
 
<!-- Added by Manisha on 5-Nov-2015 for Rel 16.1 FIN896 - START -->
<sql Id="ProcCommentsUploadMain">
	<query>
		call MM_COMM_UPLOAD ( ?, ?, ?)
	</query>
</sql>
<!-- Added by Manisha on 5-Nov-2015 for Rel 16.1 FIN896 - END -->

<!-- Added by Manisha on 4-May-2016 for MACH17.0 AGN902 - START -->
<sql Id="ProcBulkSuspensionTempUpload">
	<query>
				call CM_SP_AGT_SUSP_BULK_UPLD_TEMP( ?, ?, ?, ?, ?)
	</query>
</sql>

<sql Id="ProcBulkSuspensionMainUpload">
	<query>
				call CM_SP_AGT_SUSP_BULK_UPLD_MAIN( ?, ?, ?, ?, ?)
	</query>
</sql>
<sql Id="ProcBulkWithdrawTempUpload">
	<query>
				call CM_SP_AGT_WITHDR_BULK_UP_TEMP( ?, ?, ?, ?, ?)
	</query>
</sql>

<sql Id="ProcBulkWithdrawMainUpload">
	<query>
				call CM_SP_AGT_WITHDR_BULK_UP_MAIN( ?, ?, ?, ?, ?)
	</query>
</sql>
<!-- Added by Manisha on 4-May-2016 for MACH17.0 AGN902 - END -->

<!--  AGN929: AML & ULIP upload:: Added by Aradhana Pandey: 4_Jul_2017::**START** -->
<sql Id="ProcAmlUlipTrngUpldMain">
	<query>
				call CM_SP_TRAINING_UPLD_MAIN( ?, ?, ?, ?, ?)
	</query>
</sql>
<!--  AGN929: AML & ULIP upload:: Added by Aradhana Pandey: 4_Jul_2017::**END** -->
<!-- AGN946: Added by Aradhana Pandey: 15_Nov_2017::**START**-->
<sql Id="ProcAgentRegistrationUpldMain">
	<query>
				call cm_sp_agent_upld_main( ?, ?, ?, ?, ?)
	</query>
</sql>

<sql Id="ProcAgentRegistrationUpldCsv">
	<query>
				call mm_sp_agentupload_csv( ?, ?, ?, ?, ?)
	</query>
</sql>
<!-- AGN946: Added by Aradhana Pandey: 15_Nov_2017::**END**-->
</sql-root>