<?xml version="1.0" encoding="UTF-8"?>
<sql-root>
<sql Id="BatchProcessResultUpdate">
<query> UPDATE  COM_PRC_RESULT SET 
				DTENDTIME= SYSDATE,
				LTOTALROW=?,
				LROWINSERTED=?,
				LROWREJECTED=?,
				STRELAPSEDTIME=?,
				NSTATUS =?,
				STRLOGFILENAME=?,
				DTUPDATED=SYSDATE,
				STRUPDATEDBY=?
				WHERE LPRCRESULTSEQ=?
</query>
</sql>

<sql Id="TblDefnHdrUpdate">
  <query>
    UPDATE com_batch_prc_m
    SET strtabledesc = ?,nisuploadprc = ?
    ,dtupdated = ?,strupdatedby = ?
    WHERE lbatchprcseq = ?
  </query>
</sql>

  <sql Id="BatchProcessHdrUpdate">
	<query> UPDATE COM_BATCH_PRC_M SET
					NISMAPPED = ?,
					DTUPDATED = SYSDATE,
					STRUPDATEDBY = ?
					WHERE
					LBATCHPRCSEQ = ?
	</query>
</sql>


<!-- //Anantha_SuccessBounce_Upload_FS Starts -->
 <sql Id="CCBnkstmtUploadUpdate">
	<query>
	UPDATE  mms_credit_card_ctrlstmt
		SET     dGrossAmnt = ?,
				dDiscountAmnt = ?,
				dServiceTaxAmnt = ?,
				dNetAmnt = ?,
				strNarration = ?
		WHERE   lCCCtrlStmtSeqNbr = ?
	</query>
</sql>
<!-- Rel.Q2 Starts Added by Alexpandiyan Dated: 7 Mar 2011 -->
<sql Id="ECSBnkstmtUploadUpdate">
	<query>
	UPDATE  mms_ecs_ctrl_stmt
		SET     dGrossAmnt = ?,
				dDiscountAmnt = ?,
				dServiceTaxAmnt = ?,
				dBillAmnt = ?,
				strNarration = ?
		WHERE   lECSCtrlStmtSeqNbr = ?
	</query>
</sql>
<!-- Rel.Q2 Ends Added by Alexpandiyan Dated: 7 Mar 2011 -->
<!-- //Anantha_SuccessBounce_Upload_FS Ends -->
<!-- <CODE_TAG: Q2_REL_FSD_FIN_158_Success_or_Bounce_statements_upload_facilityV1[1].5 Dated: 14/03/2011 Added By: Alexpandiyan Starts> -->
<sql Id="Ecs_Upload_Exit">
	<query>
	UPDATE	mms_ecs_ctrl_stmt
	SET	nStatus = 3,
	strUpdatedBy = ?,
	dtUpdated = SYSDATE
	WHERE	lEcsCtrlStmtSeqNbr = ?
	AND	nStatus = 2
	</query>
</sql>
<sql Id="Ccs_Upload_Exit">
	<query>
	UPDATE	mms_credit_card_ctrlstmt
	SET	nStatus = 3,
	strUpdatedBy = ?,
	dtUpdated = SYSDATE
	WHERE	lCCCtrlStmtSeqNbr = ?
	AND	nStatus = 2
	</query>
</sql>
<!-- <CODE_TAG: Q2_REL_FSD_FIN_158_Success_or_Bounce_statements_upload_facilityV1[1].5 Dated: 14/03/2011 Added By: Alexpandiyan Ends> -->
</sql-root>