<Context path="/botSchedular" docBase="botSchedular" crossContext="true" reloadable="true" debug="1">

<WatchedResource>WEB-INF/web.xml</WatchedResource>
<!-- UAT DB Configuration -->
<!--
<Resource name="MSALES_DS" auth="Container" type="javax.sql.DataSource" factory="com.qualtech.msales.db.DataSource" 
		driverClassName="oracle.jdbc.driver.OracleDriver" url="jdbc:oracle:thin:@172.23.51.25:1875:WPSDB2"
          username="PORTALUAT" password="A46EjhqOJXMXCfRum6LE9A==" maxActive="50" maxIdle="10"
		  maxWait="-1" removeAbandoned="true" removeAbandonedTimeout="120"
      	  testOnBorrow="true" testOnReturn="true" validationQuery="select 'validationQuery' from dual"/> 

<Resource name="MYAGENT_DS" auth="Container" type="javax.sql.DataSource" factory="com.qualtech.msales.db.DataSource" 
		driverClassName="oracle.jdbc.driver.OracleDriver" url="jdbc:oracle:thin:@172.23.51.186:1875:MMDEV"
          username="money247view" password="tjaMOmFJF51feBxhZbn8cw==" maxActive="50" maxIdle="10"
		  maxWait="-1" removeAbandoned="true" removeAbandonedTimeout="120"
      	  testOnBorrow="true" testOnReturn="true" validationQuery="select 'validationQuery' from dual"/> 

<Resource name="TPP_DS" auth="Container" type="javax.sql.DataSource" factory="com.qualtech.msales.db.DataSource" 
		driverClassName="oracle.jdbc.driver.OracleDriver" url="jdbc:oracle:thin:@172.23.51.195:1875:TPPSIT"
          username="TPPSIT" password="7x21TvW6YJg=" maxActive="50" maxIdle="10"
		  maxWait="-1" removeAbandoned="true" removeAbandonedTimeout="120"
      	  testOnBorrow="true" testOnReturn="true" validationQuery="select 'validationQuery' from dual"/>

<Resource name="MAPP_SQL_DS" auth="Container" type="javax.sql.DataSource" factory="com.qualtech.msales.db.DataSource" 
		driverClassName="com.microsoft.sqlserver.jdbc.SQLServerDriver" url="jdbc:sqlserver://172.23.120.21:4962;databaseName=EAPP;selectMethod=direct"
          username="mliuser" password="QfDOzic2xrEL6eT/gezi3Q==" maxActive="50" maxIdle="10"
		  maxWait="-1" removeAbandoned="true" removeAbandonedTimeout="120"
      	  testOnBorrow="true" testOnReturn="true" validationQuery="select 'validationQuery' "/>
      	  
<Resource name="MAPP_SQL_N" auth="Container" type="javax.sql.DataSource" factory="com.qualtech.msales.db.DataSource" 
		driverClassName="com.microsoft.sqlserver.jdbc.SQLServerDriver" url="jdbc:sqlserver://172.23.120.21:4961;databaseName=MAX_VSM_UAT;selectMethod=direct"
          username="ecdata" password="fXSg0OxGKW4HZaPfC0x4uA==" maxActive="50" maxIdle="10"
		  maxWait="-1" removeAbandoned="true" removeAbandonedTimeout="120"
      	  testOnBorrow="true" testOnReturn="true" validationQuery="select 'validationQuery' "/>      	  
-->

<!-- PROD DB Configuration -->

<!-- <Resource name="MSALES_DS" auth="Container" type="javax.sql.DataSource" factory="com.qualtech.msales.db.DataSource" 
		driverClassName="oracle.jdbc.driver.OracleDriver" url="jdbc:oracle:thin:@172.23.51.224:1875:PORTAL"
          username="MSERVICE" password="QX6mqgecFJL76/+CCze5hA==" maxActive="200" maxIdle="10"
		  maxWait="-1" removeAbandoned="true" removeAbandonedTimeout="120"
      	  testOnBorrow="true" testOnReturn="true" validationQuery="select 'validationQuery' from dual"/> -->
	  

<!-- <Resource name="MYAGENT_DS" auth="Container" type="javax.sql.DataSource" factory="com.qualtech.msales.db.DataSource" 
		driverClassName="oracle.jdbc.driver.OracleDriver" url="jdbc:oracle:thin:@172.23.51.6:1875:mymonagt"
          username="mnylmig" password="5YhSdfhBdBetWzrnBcXWgA==" maxActive="200" maxIdle="10"
		  maxWait="-1" removeAbandoned="true" removeAbandonedTimeout="120"
      	  testOnBorrow="true" testOnReturn="true" validationQuery="select 'validationQuery' from dual"/> 

<Resource name="TPP_DS" auth="Container" type="javax.sql.DataSource" factory="com.qualtech.msales.db.DataSource" 
		driverClassName="oracle.jdbc.driver.OracleDriver" url="jdbc:oracle:thin:@172.23.51.163:1875:tppprod"
          username="TPPPROD" password="sLG1b73GvoZdrP7blfJGeA==" maxActive="200" maxIdle="10"
		  maxWait="-1" removeAbandoned="true" removeAbandonedTimeout="120"
      	  testOnBorrow="true" testOnReturn="true" validationQuery="select 'validationQuery' from dual"/> 

<Resource name="MAPP_SQL_DS" auth="Container" type="javax.sql.DataSource" factory="com.qualtech.msales.db.DataSource" 
		driverClassName="com.microsoft.sqlserver.jdbc.SQLServerDriver" url="jdbc:sqlserver://172.23.51.246:4963;databaseName=EAPPPROD;selectMethod=direct"
          username="eappuser" password="qViH98Zy7qM5CQNyH5ClDg==" maxActive="200" maxIdle="10"
		  maxWait="-1" removeAbandoned="true" removeAbandonedTimeout="120"
      	  testOnBorrow="true" testOnReturn="true" validationQuery="select 'validationQuery' "/>
      	  
<Resource name="MAPP_SQL_N" auth="Container" type="javax.sql.DataSource" factory="com.qualtech.msales.db.DataSource" 
		driverClassName="com.microsoft.sqlserver.jdbc.SQLServerDriver" url="jdbc:sqlserver://172.23.51.226:4961;databaseName=MAX_VSM_PROD;selectMethod=direct"
          username="ecdata" password="fXSg0OxGKW4HZaPfC0x4uA==" maxActive="50" maxIdle="10"
		  maxWait="-1" removeAbandoned="true" removeAbandonedTimeout="120"
      	  testOnBorrow="true" testOnReturn="true" validationQuery="select 'validationQuery' "/>      	  
 -->
</Context>